title,description
Increase Productivity,Focus on task prioritization and time management.
Improve Health,Establish a consistent workout routine and balanced diet.
Learn a New Language,Study 30 minutes daily to become fluent in Spanish.
Read More Books,Complete at least one book per month.
Save for a Vacation,Put aside 10% of monthly income for travel.
Master Public Speaking,Attend workshops and practice presentations weekly.
Develop Leadership Skills,Take on new responsibilities at work to lead projects.
Network with Industry Professionals,Attend networking events once a month.
Create a Personal Blog,Write and publish one article each week.
Organize Living Space,"Declutter and maintain a clean, organized home."
Enhance Time Management,Use a planner to track and optimize daily tasks.
Build Financial Literacy,Complete one online course on investing and saving.
Start a Side Business,Launch an online store for homemade crafts.
Strengthen Relationships,Schedule regular catch-ups with friends and family.
Focus on Mental Well-being,Practice meditation and mindfulness daily.
Reduce Screen Time,Limit social media use to 1 hour per day.
Improve Work-Life Balance,Set boundaries and allocate time for personal activities.
Travel to Three New Places,Plan and visit new destinations within a year.
Complete a Certification,Finish an online certification course related to career goals.
Reduce Carbon Footprint,Adopt sustainable practices and reduce waste.
Cook at Home More Often,Prepare homemade meals at least five days a week.
Develop Artistic Skills,Take drawing classes and practice weekly.
Build a Morning Routine,Establish a productive routine to start each day.
Focus on Professional Development,Attend workshops and complete training programs.
Increase Monthly Savings,Save at least 15% of income each month.
Learn a Musical Instrument,Practice guitar for 20 minutes a day.
Start a YouTube Channel,Create and upload two videos per month.
Volunteer in the Community,Participate in local volunteering activities monthly.
Achieve a Personal Best in Fitness,Train for and complete a 10k run.
Stay Hydrated,Drink at least 2 liters of water every day.
